<?xml version="1.0" encoding="UTF-8"?>
<beans xmlns="http://www.springframework.org/schema/beans"
	xmlns:xsi="http://www.w3.org/2001/XMLSchema-instance"
	xmlns:context="http://www.springframework.org/schema/context"
	xmlns:tx="http://www.springframework.org/schema/tx"
	xmlns:jee="http://www.springframework.org/schema/jee"
	xmlns:util="http://www.springframework.org/schema/util"
	xsi:schemaLocation="http://www.springframework.org/schema/jee http://www.springframework.org/schema/jee/spring-jee-4.2.xsd
		http://www.springframework.org/schema/beans http://www.springframework.org/schema/beans/spring-beans.xsd
		http://www.springframework.org/schema/context http://www.springframework.org/schema/context/spring-context-4.1.xsd
		http://www.springframework.org/schema/tx http://www.springframework.org/schema/tx/spring-tx-4.2.xsd
		http://www.springframework.org/schema/util http://www.springframework.org/schema/util/spring-util-4.2.xsd">
	
	<context:component-scan base-package="com.sample" />
	<!-- DB -->
	<!-- configure an Atomikos JTA-aware datasource -->
	<bean id="dataSource" class="org.springframework.jdbc.datasource.DriverManagerDataSource">
		<property name="username" value="bwi_test"/>
		<property name="password" value="inautix"/>
		<property name="url" value="jdbc:oracle:thin:@DA5J25S7T12.pac.bnymellon.net:1521:xe"/>
		 <property name="driverClassName" value="oracle.jdbc.driver.OracleDriver"/>
	</bean> 
	  
	<!-- configure Hibernate to use the Atomikos JTA and datasource for transaction control -->  
	<bean id="sessionFactory" class="org.springframework.orm.hibernate3.LocalSessionFactoryBean">
    	<property name="dataSource">
      		<ref bean="dataSource"/>
    	</property>
 		
 		
 		<property name="hibernateProperties"> 
        	<props>
        		<prop key="hibernate.show_sql">${hibernate.show.sql}</prop>
			</props>
		</property> 
		<property name="configLocation">
			<value>classpath:hibernate.cfg.xml</value>
		</property> 
	</bean>
		
</beans>
