<beans xmlns="http://www.springframework.org/schema/beans"
    xmlns:xsi="http://www.w3.org/2001/XMLSchema-instance" xmlns:context="http://www.springframework.org/schema/context"
    xmlns:mvc="http://www.springframework.org/schema/mvc"
    xsi:schemaLocation="http://www.springframework.org/schema/beans http://www.springframework.org/schema/beans/spring-beans.xsd
    http://www.springframework.org/schema/context http://www.springframework.org/schema/context/spring-context.xsd
    http://www.springframework.org/schema/mvc http://www.springframework.org/schema/mvc/spring-mvc.xsd">
 
<context:annotation-config />
 

    <context:component-scan base-package="com" />
   <mvc:annotation-driven />
   
 <!-- 
    <bean name="viewResolver" class="org.springframework.web.servlet.view.BeanNameViewResolver" /> 
  <bean name="jsonTemplate" class="org.springframework.web.servlet.view.json.MappingJackson2JsonView" /> 
  
    <bean id="dataSource" class="org.springframework.jdbc.datasource.DriverManagerDataSource">
      <property name="driverClassName" value="oracle.jdbc.driver.OracleDriver"/>
      <property name="url" value="jdbc:oracle:thin:@DA5J25S7T12.pac.bnymellon.net:1521:xe"/>
      <property name="username" value="bwi_test"/>
      <property name="password" value="inautix"/>
   </bean>

    
    <bean id="AutomationJdbc" class="com.bwi.jdbc.AutomationJdbc">

          
          

   </bean>
   <bean id="DeploymentHandle" class="com.sample.hibernate.DeploymentHandle"></bean>
     <mvc:default-servlet-handler />
 
     
        
    
    <mvc:annotation-driven /> 
 	
 
</beans>




 
  
  <bean name="viewResolver" class="org.springframework.web.servlet.view.BeanNameViewResolver" /> 
  <bean name="jsonTemplate" class="org.springframework.web.servlet.view.json.MappingJackson2JsonView" /> 
- 
 Initialization for data source 
  
- <bean id="dataSource" class="org.springframework.jdbc.datasource.DriverManagerDataSource">
  <property name="driverClassName" value="oracle.jdbc.driver.OracleDriver" /> 
  <property name="url" value="jdbc:oracle:thin:@10.232.71.29:1521:INATP02" /> 
  <property name="username" value="shobana" /> 
  <property name="password" value="shobana" /> 
  </bean>
- 
 Definition for studentJDBCTemplate bean 
  
- <bean id="ReservationJDBCTemplate" class="com.inautix.training.reservation.dao.ReservationDao">
  <property name="dataSource" ref="dataSource" /> 
  </bean>
  <bean id="data" class="com.inautix.training.reservation.model.Data" /> 
  <bean id="metadata" class="com.inautix.training.reservation.model.MetaData" /> 
  <bean id="response" class="com.inautix.training.reservation.model.Response" /> 
  <bean id="error" class="com.inautix.training.reservation.model.Error" /> 
  <mvc:default-servlet-handler /> 
  <mvc:annotation-driven />  -->
  
  <import resource="dbConfig.xml" />
  
  </beans>
